{
  "ft_large_v2_fair": {
    "mean_dice": 0.8772217133294961,
    "std_dice": 0.056269636369630456,
    "mean_iou": 0.785581552644151,
    "mean_precision": 0.8878969572283104,
    "mean_recall": 0.8878178369589428,
    "n_frames": 431,
    "per_sequence": {
      "Ablation_1": {
        "dice": 0.8966359136097094,
        "iou": 0.8156007155534617,
        "precision": 0.8982410293412919,
        "recall": 0.9077263760145816,
        "n_frames": 104
      },
      "Ablation_2": {
        "dice": 0.865480148150914,
        "iou": 0.7658078884995448,
        "precision": 0.9624188491726751,
        "recall": 0.7934576311387189,
        "n_frames": 128
      },
      "Ablation_3": {
        "dice": 0.8622627137513503,
        "iou": 0.7645738992406051,
        "precision": 0.79362118401864,
        "recall": 0.9644834793354412,
        "n_frames": 104
      },
      "Ablation_4": {
        "dice": 0.8881646551173227,
        "iou": 0.8023587318221516,
        "precision": 0.8793716387564895,
        "recall": 0.9092324840752202,
        "n_frames": 95
      }
    }
  }
}